{
  "project_info": {
    "project_number": "701344676302",
    "firebase_url": "https://swanjgc.firebaseio.com",
    "project_id": "swanjgc",
    "storage_bucket": "swanjgc.appspot.com"
  },
  "client": [
    {
      "client_info": {
        "mobilesdk_app_id": "1:701344676302:android:8838f3353a1962c8ef939f",
        "android_client_info": {
          "package_name": "com.kyler.swan"
        }
      },
      "oauth_client": [
        {
          "client_id": "701344676302-5b48cm518qr6512tt9opjts19640r7hf.apps.googleusercontent.com",
          "client_type": 3
        }
      ],
      "api_key": [
        {
          "current_key": "AIzaSyCnNxx0LHMU3O0PiZlf0xumNZ73v3cXO0w"
        }
      ],
      "services": {
        "appinvite_service": {
          "other_platform_oauth_client": [
            {
              "client_id": "701344676302-5b48cm518qr6512tt9opjts19640r7hf.apps.googleusercontent.com",
              "client_type": 3
            }
          ]
        }
      }
    }
  ],
  "configuration_version": "1"
}